t_s,phase,torque_step_Nm,mode,velocity_rps_out,orbis_unwrapped_output_rev,q_current_A,bus_voltage_V,fet_temp_C,fault,bissc_crc_delta
0.0,escalate,3.0,0,1.5508647265960462e-05,0.0,0.5302755832672119,24.0,34.0,0,0.0
0.0187,escalate,3.0,10,1.5508647265960462e-05,0.0,-0.03921811282634735,23.5,34.0,0,0.0
0.02,escalate,3.0,10,1.5508647265960462e-05,0.0,-0.03349974378943443,24.0,34.0,0,0.0
0.031,escalate,3.0,10,1.5508647265960462e-05,0.0,0.08660855144262314,23.5,34.0,0,0.0
0.0402,escalate,3.0,10,1.5508647265960462e-05,0.0,-0.03349974378943443,23.5,34.0,0,0.0
0.0511,escalate,3.0,10,1.5508647265960462e-05,0.0,0.03921812027692795,23.5,34.0,0,0.0
0.061,escalate,3.0,10,1.5508647265960462e-05,0.0,0.019609060138463974,23.5,34.0,0,0.0
0.071,escalate,3.0,10,-0.00011163449380546808,-1e-06,0.05312953144311905,23.5,34.0,0,0.0
0.0808,escalate,3.0,10,-1.856757080531679e-05,-1e-06,-0.08640779554843903,24.0,34.0,0,0.0
0.091,escalate,3.0,10,1.3141687304596417e-05,-1e-06,0.03325991705060005,23.5,34.0,0,0.0
0.101,escalate,3.0,10,1.3141687304596417e-05,-1e-06,0.09294109046459198,23.5,34.0,0,0.0
0.1102,escalate,3.0,10,1.3141687304596417e-05,-1e-06,-0.07304736971855164,23.5,34.0,0,0.0
0.1211,escalate,3.0,10,1.3141687304596417e-05,-1e-06,-0.03978744149208069,23.5,34.0,0,0.0
0.131,escalate,3.0,10,1.3141687304596417e-05,-1e-06,-0.10630729049444199,24.0,34.0,0,0.0
0.141,escalate,3.0,10,1.3141687304596417e-05,-1e-06,-0.08641356229782104,23.5,34.0,0,0.0
0.151,escalate,3.0,10,1.3141687304596417e-05,-1e-06,-0.04662612825632095,24.0,34.0,0,0.0
0.161,escalate,3.0,10,1.3141687304596417e-05,-1e-06,-0.13956721127033234,23.5,34.0,0,0.0
0.171,escalate,3.0,10,1.3141687304596417e-05,-1e-06,-0.10630729049444199,24.0,34.0,0,0.0
0.181,escalate,3.0,10,1.3141687304596417e-05,-1e-06,-0.09294109046459198,23.5,34.0,0,0.0
0.1911,escalate,3.0,10,1.3141687304596417e-05,-1e-06,-0.03978744149208069,23.5,34.0,0,0.0
0.2004,escalate,3.0,10,1.3141687304596417e-05,-1e-06,-0.08641356229782104,24.0,34.0,0,0.0
0.2226,escalate,3.0,10,1.3141687304596417e-05,-1e-06,-0.09294109046459198,23.5,34.0,0,0.0
0.2243,escalate,3.0,10,1.3141687304596417e-05,-1e-06,-0.0665198415517807,24.0,34.0,0,0.0
0.2306,escalate,3.0,10,1.3141687304596417e-05,-1e-06,0.05315364524722099,23.5,34.0,0,0.0
0.241,escalate,3.0,10,1.3141687304596417e-05,-1e-06,0.07304736971855164,23.5,34.0,0,0.0
0.2509,escalate,3.0,10,-0.0001779096928657964,-3e-06,0.020214632153511047,23.5,34.0,0,0.0
0.2608,escalate,3.0,10,6.74306704695482e-07,-2e-06,-0.0275261253118515,23.5,34.0,0,0.0
0.2711,escalate,3.0,10,1.310090647166362e-05,-2e-06,-0.05319670960307121,24.0,34.0,0,0.0
0.281,escalate,3.0,10,1.310090647166362e-05,-2e-06,-0.10639344155788422,23.5,34.0,0,0.0
0.291,escalate,3.0,10,1.310090647166362e-05,-2e-06,-0.007335544563829899,23.5,34.0,0,0.0
0.301,escalate,3.0,10,1.310090647166362e-05,-2e-06,-0.05319672077894211,23.5,34.0,0,0.0
0.3104,escalate,3.0,10,1.310090647166362e-05,-2e-06,-0.05319672077894211,23.5,34.0,0,0.0
0.321,escalate,3.0,10,1.310090647166362e-05,-2e-06,0.020177418366074562,23.5,34.0,0,0.0
0.3304,escalate,3.0,10,1.310090647166362e-05,-2e-06,0.0330192930996418,23.5,34.0,0,0.0
0.341,escalate,3.0,10,1.310090647166362e-05,-2e-06,-0.040354836732149124,23.5,34.0,0,0.0
0.351,escalate,3.0,10,-0.00016093277372419834,-3e-06,-0.05322273075580597,23.5,34.0,0,0.0
0.361,escalate,3.0,10,-1.4343749171530362e-05,-4e-06,0.10647814720869064,24.0,34.0,0,0.0
0.3711,escalate,3.0,10,1.3141687304596417e-05,-4e-06,-0.15971437096595764,23.5,34.0,0,0.0
0.381,escalate,3.0,10,1.3141687304596417e-05,-4e-06,-0.07369890064001083,23.5,34.0,0,0.0
0.391,escalate,3.0,10,1.3141687304596417e-05,-4e-06,0.032777342945337296,23.5,34.0,0,0.0
0.4001,escalate,3.0,10,1.3141687304596417e-05,-4e-06,0.02046078070998192,24.0,34.0,0,0.0
0.4111,escalate,3.0,10,-2.46278868871741e-05,-5e-06,-0.1273106038570404,23.5,34.0,0,0.0
0.4327,escalate,3.0,10,1.3162043615011498e-05,-5e-06,-0.11550815403461456,24.0,34.0,0,0.0
0.4343,escalate,3.0,10,1.3162043615011498e-05,-5e-06,1.744936417580334e-09,23.5,34.0,0,0.0
0.4406,escalate,3.0,10,1.3162043615011498e-05,-5e-06,-0.03253427520394325,23.5,34.0,0,0.0
0.4511,escalate,3.0,10,1.3162043615011498e-05,-5e-06,-0.053277745842933655,23.5,34.0,0,0.0
0.461,escalate,3.0,10,1.3162043615011498e-05,-5e-06,-0.15983325242996216,23.5,34.0,0,0.0
0.4711,escalate,3.0,10,1.3162043615011498e-05,-5e-06,-0.11834630370140076,23.5,34.0,0,0.0
0.481,escalate,3.0,10,1.3162043615011498e-05,-5e-06,-0.127298966050148,24.0,34.0,0,0.0
0.491,escalate,3.0,10,1.3162043615011498e-05,-5e-06,7.193173612307646e-09,24.0,34.0,0,0.0
0.501,escalate,3.0,10,-5.348046761355363e-05,-6e-06,-0.10663547366857529,23.5,34.0,0,0.0
0.511,escalate,3.0,10,1.0774667316582054e-05,-6e-06,-0.04205169901251793,24.0,34.0,0,0.0
0.5208,escalate,3.0,10,1.3141635463398416e-05,-6e-06,-0.12765640020370483,23.5,34.0,0,0.0
0.531,escalate,3.0,10,1.3141635463398416e-05,-6e-06,-0.15994691848754883,24.0,34.0,0,0.0
0.541,escalate,3.0,10,-9.518813021713868e-05,-7e-06,-0.05335512012243271,23.5,34.0,0,0.0
0.5511,escalate,3.0,10,7.550694590463536e-06,-7e-06,-0.13874748349189758,23.5,34.0,0,0.0
0.561,escalate,3.0,10,1.5488200006075203e-05,-7e-06,-0.05335180088877678,23.5,34.0,0,0.0
0.571,escalate,3.0,10,1.5488200006075203e-05,-7e-06,-0.08539753407239914,23.5,34.0,0,0.0
0.581,escalate,3.0,10,1.5488200006075203e-05,-7e-06,0.053351789712905884,23.5,34.0,0,0.0
0.591,escalate,3.0,10,-0.0002318195765838027,-1e-05,-0.13835935294628143,23.5,34.0,0,0.0
0.601,escalate,3.0,10,-1.4274385193857597e-06,-1e-05,-0.10683891177177429,23.5,34.0,0,0.0
0.611,escalate,3.0,10,1.310086554440204e-05,-1e-05,-0.10683804005384445,23.5,34.0,0,0.0
0.621,escalate,3.0,10,1.310086554440204e-05,-1e-05,-0.1287049651145935,23.5,34.0,0,0.0
0.6395,escalate,3.0,10,-0.0001138586230808869,-1e-05,-0.06596661359071732,23.5,34.0,0,0.0
0.6408,escalate,3.0,10,-0.00022024993086233735,-1.1e-05,0.02213793806731701,23.5,34.0,0,0.0
0.6511,escalate,3.0,10,-5.059533123130677e-06,-1.1e-05,-0.2542520761489868,23.5,34.0,0,0.0
0.661,escalate,3.0,10,-0.000375001021893695,-1.4e-05,-0.05350969359278679,23.5,34.0,0,0.0
0.6701,escalate,3.0,10,-1.5159984286583494e-05,-1.3e-05,-0.18323099613189697,24.0,34.0,0,0.0
0.681,escalate,3.0,10,-0.0004238299443386495,-1.6e-05,-0.19796232879161835,24.0,34.0,0,0.0
0.691,escalate,3.0,10,-1.2752136171911843e-05,-1.6e-05,-0.16770580410957336,23.5,34.0,0,0.0
0.7011,escalate,3.0,10,1.3815074453304987e-05,-1.6e-05,-0.10711334645748138,24.0,34.0,0,0.0
0.711,escalate,3.0,10,1.5488276403630152e-05,-1.6e-05,-0.10711324214935303,23.5,34.0,0,0.0
0.7211,escalate,3.0,10,-0.00012053111277054995,-1.8e-05,-0.2144080400466919,23.5,34.0,0,0.0
0.731,escalate,3.0,10,7.367001217062352e-06,-1.8e-05,-0.2918050289154053,23.5,34.0,0,0.0
0.741,escalate,3.0,10,-0.0001727677445160225,-2e-05,-0.16625264286994934,23.5,34.0,0,0.0
0.751,escalate,3.0,10,-0.0002208010118920356,-2.1e-05,-0.1072670966386795,24.0,34.0,0,0.0
0.761,escalate,3.0,10,-0.0002054973301710561,-2.2e-05,-0.10729362815618515,23.5,34.0,0,0.0
0.771,escalate,3.0,10,-1.3099207535560708e-05,-2.2e-05,-0.05365105718374252,23.5,34.0,0,0.0
0.781,escalate,3.0,10,-0.0001344065385637805,-2.3e-05,-0.0211215540766716,23.5,34.0,0,0.0
0.791,escalate,3.0,10,-7.921112410258502e-05,-2.5e-05,-0.10405150055885315,23.5,34.0,0,0.0
0.801,escalate,3.0,10,-0.00021661797654815018,-2.6e-05,-0.10737428069114685,24.0,34.0,0,0.0
0.811,escalate,3.0,10,-3.631327444963972e-06,-2.6e-05,-0.05368649959564209,23.5,34.0,0,0.0
0.821,escalate,3.0,10,1.3100708201818634e-05,-2.6e-05,-0.07630971819162369,23.5,34.0,0,0.0
0.831,escalate,3.0,10,-0.0001923361560329795,-2.7e-05,-0.18912827968597412,23.5,34.0,0,0.0
0.8494,escalate,3.0,10,1.2876209439127706e-05,-2.7e-05,-0.2170601338148117,23.5,34.0,0,0.0
0.8509,escalate,3.0,10,-1.7527141608297825e-05,-2.7e-05,-0.13312488794326782,24.0,34.0,0,0.0
0.8611,escalate,3.0,10,-8.09253251645714e-05,-2.9e-05,-0.16229133307933807,23.5,34.0,0,0.0
0.871,escalate,3.0,10,8.917591003410053e-06,-2.9e-05,-0.0799485594034195,23.5,34.0,0,0.0
0.8809,escalate,3.0,10,-3.074966662097722e-05,-3.1e-05,-0.10674513876438141,24.0,34.0,0,0.0
0.891,escalate,3.0,10,1.2080278793291654e-05,-3.1e-05,-0.13392740488052368,24.0,34.0,0,0.0
0.9009,escalate,3.0,10,-0.00027056896942667663,-3.3e-05,-0.16113047301769257,23.5,34.0,0,0.0
0.9102,escalate,3.0,10,-5.264041192276636e-06,-3.3e-05,-0.1603819876909256,23.5,34.0,0,0.0
0.9202,escalate,3.0,10,-0.00031470495741814375,-3.7e-05,-0.2406737208366394,24.0,34.0,0,0.0
0.9308,escalate,3.0,10,-0.0004558661603368819,-3.9e-05,-0.1357899010181427,23.5,34.0,0,0.0
0.941,escalate,3.0,10,-0.0001431198325008154,-4.3e-05,-0.07811532914638519,24.0,34.0,0,0.0
0.951,escalate,3.0,10,-0.0005240798927843571,-4.8e-05,-0.1303941309452057,23.5,34.0,0,0.0
0.961,escalate,3.0,10,-0.00028266897425055504,-5.2e-05,-0.0618971548974514,23.5,34.0,0,0.0
0.9702,escalate,3.0,10,-0.0007097440538927913,-5.8e-05,-0.2455633133649826,23.5,34.0,0,0.0
0.981,escalate,3.0,10,-0.0011629577493295074,-7.1e-05,-0.22949737310409546,23.5,34.0,0,0.0
0.991,escalate,3.0,10,-0.0012614525621756911,-8.5e-05,-0.2457716464996338,23.5,34.0,0,0.0
1.001,escalate,3.0,10,-0.0003177448525093496,-8.8e-05,-0.1695420742034912,24.0,34.0,0,0.0
1.011,escalate,3.0,10,-0.000277914252365008,-9.3e-05,-0.051550280302762985,23.5,34.0,0,0.0
1.021,escalate,3.0,10,-0.00027736337506212294,-9.5e-05,-0.1541794389486313,23.5,34.0,0,0.0
1.0312,escalate,3.0,10,-0.0009083249024115503,-0.000104,-0.20292598009109497,24.0,34.0,0,0.0
1.0513,escalate,3.0,10,-0.000964213686529547,-0.000119,-0.09237294644117355,23.5,34.0,0,0.0
1.0526,escalate,3.0,10,-0.0009654379682615399,-0.00012,-0.23412005603313446,24.0,34.0,0,0.0
1.0608,escalate,3.0,10,-0.000516692700330168,-0.000122,-0.14156728982925415,24.0,34.0,0,0.0
1.071,escalate,3.0,10,-1.4608805940952152e-05,-0.000122,-0.14157526195049286,23.5,34.0,0,0.0
1.0804,escalate,3.0,10,-0.00025848858058452606,-0.000125,-0.23894092440605164,23.5,34.0,0,0.0
1.091,escalate,3.0,10,3.2454918255098164e-06,-0.000125,-0.2340606153011322,23.5,34.0,0,0.0
1.101,escalate,3.0,10,-0.0004061182262375951,-0.000127,-0.18545761704444885,23.5,34.0,0,0.0
1.111,escalate,3.0,10,-1.1058349628001451e-05,-0.000127,-0.23398473858833313,24.0,34.0,0,0.0
1.1201,escalate,3.0,10,1.340715607511811e-05,-0.000127,-0.27817434072494507,23.5,34.0,0,0.0
1.1312,escalate,3.0,10,-0.00018770394672174007,-0.00013,-0.2747557759284973,23.5,34.0,0,0.0
1.1409,escalate,3.0,10,-0.00012375492951832712,-0.000131,-0.0928436741232872,23.5,34.0,0,0.0
1.151,escalate,3.0,10,5.163443347555585e-06,-0.000131,-0.04470515251159668,23.5,34.0,0,0.0
1.1607,escalate,3.0,10,1.3060148376098368e-05,-0.000131,-0.08940713107585907,23.5,34.0,0,0.0
1.1706,escalate,3.0,10,-3.099414971075021e-05,-0.000132,-0.2879662811756134,24.0,34.0,0,0.0
1.1811,escalate,3.0,10,1.3060095625405665e-05,-0.000132,-0.28487178683280945,23.5,34.0,0,0.0
1.1902,escalate,3.0,10,1.3060095625405665e-05,-0.000132,-0.18574438989162445,23.5,34.0,0,0.0
1.2003,escalate,3.0,10,-0.00023012585006654263,-0.000136,-0.188057541847229,23.5,34.0,0,0.0
1.2106,escalate,3.0,10,3.388196773812524e-06,-0.000136,-0.1903185099363327,23.5,34.0,0,0.0
1.2202,escalate,3.0,10,1.5427094695041887e-05,-0.000136,-0.27885377407073975,23.5,34.0,0,0.0
1.2303,escalate,3.0,10,1.5488309145439416e-05,-0.000135,-0.185902401804924,23.5,34.0,0,0.0
1.2411,escalate,3.0,10,1.5488309145439416e-05,-0.000135,-0.14274293184280396,23.5,34.0,0,0.0
1.2616,escalate,3.0,10,-2.981066245411057e-05,-0.000137,-0.32824230194091797,23.5,34.0,0,0.0
1.2629,escalate,3.0,10,-1.695554965408519e-05,-0.000137,-0.23527446389198303,24.0,34.0,0,0.0
1.2708,escalate,3.0,10,1.1223655747016892e-05,-0.000137,-0.18594317138195038,23.5,34.0,0,0.0
1.281,escalate,3.0,10,1.3060095625405665e-05,-0.000137,-0.23338106274604797,23.5,34.0,0,0.0
1.291,escalate,3.0,10,1.3060095625405665e-05,-0.000137,-0.1366005837917328,24.0,34.0,0,0.0
1.3012,escalate,3.0,10,1.3060095625405665e-05,-0.000137,-0.18594306707382202,24.0,34.0,0,0.0
1.3106,escalate,3.0,10,-0.0001335289707640186,-0.000138,-0.18910476565361023,23.5,34.0,0,0.0
1.3209,escalate,3.0,10,5.265360869088909e-06,-0.000138,-0.2300768792629242,24.0,34.0,0,0.0
1.3307,escalate,3.0,10,1.5467814591829665e-05,-0.000138,-0.185977503657341,23.5,34.0,0,0.0
1.3412,escalate,3.0,10,-0.00018099082808475941,-0.000139,-0.22937868535518646,23.5,34.0,0,0.0
1.351,escalate,3.0,10,-0.00015721912495791912,-0.000141,-0.2348986119031906,23.5,34.0,0,0.0
1.3611,escalate,3.0,10,3.30648299495806e-06,-0.00014,-0.2330278754234314,23.5,34.0,0,0.0
1.371,escalate,3.0,10,-4.695089955930598e-05,-0.000142,-0.27707186341285706,23.5,34.0,0,0.0
1.3804,escalate,3.0,10,-4.0278500819113106e-05,-0.000143,-0.23238949477672577,24.0,34.0,0,0.0
1.391,escalate,3.0,10,-0.00010839015885721892,-0.000144,-0.2790899872779846,24.0,35.0,0,0.0
1.401,escalate,3.0,10,-0.0002915856020990759,-0.000147,-0.13863171637058258,23.5,34.0,0,0.0
1.411,escalate,3.0,10,-8.190440712496638e-05,-0.00015,-0.23472438752651215,23.5,34.0,0,0.0
1.4201,escalate,3.0,10,-0.00012608109682332724,-0.000152,-0.3263227045536041,23.5,34.0,0,0.0
1.431,escalate,3.0,10,-0.00033190561225637794,-0.000155,-0.2814857065677643,24.0,34.0,0,0.0
1.441,escalate,3.0,10,-3.2025377549871337e-06,-0.000155,-0.2336275577545166,23.5,34.0,0,0.0
1.451,escalate,3.0,10,1.4631362319050822e-05,-0.000155,-0.18582771718502045,23.5,34.0,0,0.0
1.4693,escalate,3.0,10,-0.00020178337581455708,-0.000159,-0.2338627576828003,24.0,34.0,0,0.0
1.4707,escalate,3.0,10,-0.00028011793619953096,-0.000159,-0.27461227774620056,23.5,34.0,0,0.0
1.4811,escalate,3.0,10,-1.052798415912548e-05,-0.00016,-0.282260537147522,23.5,34.0,0,0.0
1.491,escalate,3.0,10,-0.00021643414220307022,-0.000161,-0.22974133491516113,24.0,34.0,0,0.0
1.501,escalate,3.0,10,-0.00010145262785954401,-0.000164,-0.23890724778175354,23.5,34.0,0,0.0
1.511,escalate,3.0,10,-0.0002757106558419764,-0.000166,-0.10342763364315033,23.5,34.0,0,0.0
1.521,escalate,3.0,10,-0.0008243995252996683,-0.000172,-0.22708910703659058,24.0,34.0,0,0.0
1.531,escalate,3.0,10,-0.00027832266641780734,-0.000174,-0.24869167804718018,23.5,34.0,0,0.0
1.5404,escalate,3.0,10,-0.0009420951828360558,-0.000182,-0.1832159161567688,23.5,34.0,0,0.0
1.5511,escalate,3.0,10,-0.0008824924007058144,-0.000191,-0.2841154932975769,23.5,34.0,0,0.0
1.5611,escalate,3.0,10,-0.0013025279622524977,-0.000203,-0.2081604301929474,23.5,34.0,0,0.0
1.5709,escalate,3.0,10,-0.0020947696175426245,-0.000223,-0.35211634635925293,24.0,34.0,0,0.0
1.581,escalate,3.0,10,-0.0011624270118772984,-0.000237,-0.23635020852088928,23.5,34.0,0,0.0
1.591,escalate,3.0,10,-0.0011141489958390594,-0.000245,-0.2632518410682678,23.5,34.0,0,0.0
1.6005,escalate,3.0,10,-0.0006199823692440987,-0.000251,-0.32217395305633545,23.5,34.0,0,0.0
1.6111,escalate,3.0,10,-0.0005647054640576243,-0.000259,0.8114217519760132,23.5,34.0,0,0.0
1.621,escalate,3.0,10,-0.0008215217967517674,-0.000266,-0.2971315085887909,23.5,34.0,0,0.0
1.6307,escalate,3.0,10,-0.0005914154462516308,-0.00027,-0.23820805549621582,23.5,34.0,0,0.0
1.641,escalate,3.0,10,-0.00022606525453738868,-0.000272,-0.251395583152771,23.5,34.0,0,0.0
1.651,escalate,3.0,10,-0.00044986646389588714,-0.000276,-0.26742973923683167,23.5,34.0,0,0.0
1.669,escalate,3.0,10,-0.00012071453966200352,-0.00028,-0.25533974170684814,23.5,35.0,0,0.0
1.6702,escalate,3.0,10,-8.298581087728962e-05,-0.00028,-0.27700865268707275,24.0,34.0,0,0.0
1.681,escalate,3.0,10,-0.00020972089259885252,-0.000281,-0.2773746848106384,23.5,34.0,0,0.0
1.691,escalate,3.0,10,-0.0001051659564836882,-0.000283,-0.266452431678772,23.5,34.0,0,0.0
1.7006,escalate,3.0,10,8.244650416600052e-06,-0.000283,-0.24560487270355225,23.5,34.0,0,0.0
1.711,escalate,3.0,10,-8.814820466795936e-05,-0.000286,-0.3192674517631531,23.5,34.0,0,0.0
1.721,escalate,3.0,10,-0.0002351451839786023,-0.00029,-0.15410766005516052,23.5,34.0,0,0.0
1.731,escalate,3.0,10,-8.051656186580658e-05,-0.000291,-0.2651612162590027,24.0,35.0,0,0.0
1.741,escalate,3.0,10,-0.00031492847483605146,-0.000293,-0.317554771900177,23.5,34.0,0,0.0
1.751,escalate,3.0,10,-3.0187015909177717e-06,-0.000293,-0.35195720195770264,23.5,34.0,0,0.0
1.761,escalate,3.0,10,-0.00011247077054576948,-0.000296,-0.386601060628891,23.5,34.0,0,0.0
1.771,escalate,3.0,10,-0.0002824642579071224,-0.000298,-0.17573748528957367,23.5,34.0,0,0.0
1.781,escalate,3.0,10,-0.00041852451977320015,-0.000302,-0.24608848989009857,23.5,34.0,0,0.0
1.791,escalate,3.0,10,-0.0004878196632489562,-0.000307,-0.31350958347320557,23.5,34.0,0,0.0
1.8005,escalate,3.0,10,-0.0008393555763177574,-0.000314,-0.4145786166191101,24.0,34.0,0,0.0
1.811,escalate,3.0,10,-0.0005351182189770043,-0.000322,-0.23274944722652435,23.5,34.0,0,0.0
1.8211,escalate,3.0,10,-0.0012602077331393957,-0.000332,-0.3572455048561096,23.5,34.0,0,0.0
1.831,escalate,3.0,10,-0.0015049236826598644,-0.000349,-0.2723310589790344,23.5,34.0,0,0.0
1.841,escalate,3.0,10,-0.0018069373909384012,-0.000366,-0.09000743925571442,23.5,34.0,0,0.0
1.851,escalate,3.0,10,-0.0010741553269326687,-0.000377,-0.14034275710582733,23.5,35.0,0,0.0
1.8706,escalate,3.0,10,-0.0002640792808961123,-0.000389,-0.2736451327800751,24.0,35.0,0,0.0
1.872,escalate,3.0,10,-0.00036814442137256265,-0.00039,-0.33139896392822266,24.0,34.0,0,0.0
1.8804,escalate,3.0,10,-0.0003460460575297475,-0.000395,-0.22814957797527313,23.5,34.0,0,0.0
1.8902,escalate,3.0,10,-0.0008429060108028352,-0.000402,-0.46022829413414,23.5,34.0,0,0.0
1.9008,escalate,3.0,10,-0.0008176039555110037,-0.000411,-0.33483821153640747,23.5,34.0,0,0.0
1.9111,escalate,3.0,10,-0.0007733660750091076,-0.000415,-0.30596017837524414,23.5,35.0,0,0.0
1.9203,escalate,3.0,10,-0.0005982915754429996,-0.000419,-0.23274338245391846,23.5,35.0,0,0.0
1.9309,escalate,3.0,10,-0.00016154447803273797,-0.000421,-0.2963533401489258,23.5,35.0,0,0.0
1.9411,escalate,3.0,10,-0.0002620999002829194,-0.000425,-0.2837284803390503,23.5,34.0,0,0.0
1.9513,escalate,3.0,10,-6.866136391181499e-05,-0.000427,-0.2696705460548401,24.0,34.0,0,0.0
1.961,escalate,3.0,10,-0.0002917485253419727,-0.000431,-0.19365505874156952,23.5,35.0,0,0.0
1.971,escalate,3.0,10,-0.0004530290316324681,-0.000434,-0.40892893075942993,23.5,34.0,0,0.0
1.981,escalate,3.0,10,-0.0004769641673192382,-0.000437,-0.225936159491539,24.0,34.0,0,0.0
1.9907,escalate,3.0,10,-0.0007846091757528484,-0.000447,-0.26459723711013794,23.5,34.0,0,0.0
2.001,escalate,3.0,10,-0.0001408540119882673,-0.000448,-0.2990327775478363,23.5,34.0,0,0.0
2.0104,escalate,3.0,10,-0.00030911300564184785,-0.000453,-0.6179406642913818,23.5,34.0,0,0.0
2.0211,escalate,3.0,10,-0.0003165199304930866,-0.000457,-0.29894620180130005,23.5,34.0,0,0.0
2.031,escalate,3.0,10,-0.0002665074134711176,-0.000459,-0.36323830485343933,23.5,35.0,0,0.0
2.0405,escalate,3.0,10,-0.00020751685951836407,-0.00046,-0.309421181678772,23.5,34.0,0,0.0
2.0512,escalate,3.0,10,-5.19496388733387e-05,-0.000462,-0.3520914912223816,24.0,35.0,0,0.0
2.0711,escalate,3.0,10,-0.00024038905394263566,-0.000467,-0.3517322242259979,23.5,34.0,0,0.0
2.0725,escalate,3.0,10,-0.00023936880461405963,-0.000468,-0.21417741477489471,23.5,34.0,0,0.0
2.0809,escalate,3.0,10,-0.00035045307595282793,-0.000472,-0.696945071220398,23.5,34.0,0,0.0
2.091,escalate,3.0,10,-0.00023675673583056778,-0.000474,-1.1204991340637207,23.5,34.0,0,0.0
2.1009,escalate,3.0,10,-9.653411689214408e-05,-0.000476,-0.23966026306152344,23.5,34.0,0,0.0
2.111,escalate,3.0,10,-0.0002504076692275703,-0.000478,-0.6160078048706055,23.5,34.0,0,0.0
2.1206,escalate,3.0,10,-1.4444929547607899e-05,-0.000479,-0.268440842628479,24.0,34.0,0,0.0
2.131,escalate,3.0,10,1.395872368448181e-05,-0.000479,-0.16106393933296204,23.5,34.0,0,0.0
2.1406,escalate,3.0,10,-0.0005610930966213346,-0.000484,-0.3218514323234558,23.5,34.0,0,0.0
2.1506,escalate,3.0,10,-0.0003031543456017971,-0.000486,-0.45574209094047546,23.5,34.0,0,0.0
2.161,escalate,3.0,10,-0.00028789142379537225,-0.00049,-0.21684038639068604,23.5,34.0,0,0.0
2.1706,escalate,3.0,10,-0.000559113803319633,-0.000493,-0.2934679388999939,23.5,35.0,0,0.0
2.181,escalate,3.0,10,-0.00024561231839470565,-0.000494,-0.37967392802238464,24.0,34.0,0,0.0
2.191,escalate,3.0,10,-0.00039218104211613536,-0.000497,-0.3459862470626831,23.5,34.0,0,0.0
2.201,escalate,3.0,10,-0.0007084165117703378,-0.000502,-0.12180202454328537,23.5,35.0,0,0.0
2.211,escalate,3.0,10,-0.00046092510456219316,-0.000506,-0.2627747058868408,24.0,35.0,0,0.0
2.221,escalate,3.0,10,-0.0007284949533641338,-0.000511,-0.2776220440864563,23.5,34.0,0,0.0
2.231,escalate,3.0,10,-0.0003846717590931803,-0.000512,-0.27810609340667725,24.0,34.0,0,0.0
2.241,escalate,3.0,10,-0.00035887997364625335,-0.000515,-0.4383270740509033,23.5,34.0,0,0.0
2.251,escalate,3.0,10,-0.00018398943939246237,-0.000517,-0.41873669624328613,24.0,35.0,0,0.0
2.261,escalate,3.0,10,-0.00024826498702168465,-0.00052,-0.2990451455116272,23.5,34.0,0,0.0
2.2795,escalate,3.0,10,-0.0002614057739265263,-0.000525,-0.3696514368057251,24.0,35.0,0,0.0
2.2809,escalate,3.0,10,-0.00018776436627376825,-0.000525,-0.33383703231811523,24.0,34.0,0,0.0
2.291,escalate,3.0,10,-0.0005837219650857151,-0.000532,-0.22967593371868134,23.5,34.0,0,0.0
2.301,escalate,3.0,10,-0.0004911243449896574,-0.000535,-0.43959492444992065,23.5,35.0,0,0.0
2.311,escalate,3.0,10,-3.244203617214225e-05,-0.000536,-0.35041987895965576,23.5,35.0,0,0.0
2.321,escalate,3.0,10,-0.0007143135881051421,-0.000541,-0.712975263595581,23.5,35.0,0,0.0
2.331,escalate,3.0,10,-0.0010614019120112062,-0.000552,-0.693957507610321,23.5,35.0,0,0.0
2.3414,escalate,3.0,10,-0.0006225736578926444,-0.000561,-0.4356963038444519,23.5,34.0,0,0.0
2.351,escalate,3.0,10,-0.00033482315484434366,-0.000564,-0.7102238535881042,23.5,35.0,0,0.0
2.3608,escalate,3.0,10,-0.0007140080560930073,-0.000569,-0.37597382068634033,23.5,35.0,0,0.0
2.3711,escalate,3.0,10,-0.0007857923046685755,-0.000578,-0.3319113850593567,23.5,34.0,0,0.0
2.3811,escalate,3.0,10,-0.0008820422808639705,-0.000587,-0.2848912477493286,24.0,35.0,0,0.0
2.391,escalate,3.0,10,-0.0001065735996235162,-0.000589,-0.4221387505531311,23.5,35.0,0,0.0
2.401,escalate,3.0,10,-0.0003761430853046477,-0.000592,-0.5122964978218079,23.5,35.0,0,0.0
2.411,escalate,3.0,10,-1.6098028936539777e-05,-0.000592,-0.5998069643974304,24.0,35.0,0,0.0
2.4203,escalate,3.0,10,-0.0004902475629933178,-0.000596,-0.5137351751327515,23.5,35.0,0,0.0
2.4311,escalate,3.0,10,-6.813929303461919e-06,-0.000596,-0.23208051919937134,23.5,35.0,0,0.0
2.441,escalate,3.0,10,-0.00025618262588977814,-0.000598,-0.32575640082359314,23.5,34.0,0,0.0
2.451,escalate,3.0,10,-9.208609844790772e-05,-0.000599,-0.3252335786819458,23.5,35.0,0,0.0
2.461,escalate,3.0,10,-0.0002236979635199532,-0.0006,-0.3723333477973938,24.0,35.0,0,0.0
2.471,escalate,3.0,10,-0.00013695663074031472,-0.000602,-0.2802945673465729,23.5,34.0,0,0.0
2.4898,escalate,3.0,10,-0.0003594926674850285,-0.000608,-0.41727110743522644,24.0,35.0,0,0.0
2.4913,escalate,3.0,10,-0.0004238906840328127,-0.000609,-0.2380535900592804,23.5,34.0,0,0.0
2.501,escalate,4.0,10,-1.8322209143661894e-05,-0.000609,-0.709821343421936,23.5,35.0,0,0.0
2.5121,escalate,4.0,10,-0.0003174993034917861,-0.000613,-0.3682141900062561,23.5,34.0,0,0.0
2.522,escalate,4.0,10,-0.00027605704963207245,-0.000615,-0.4194863736629486,23.5,34.0,0,0.0
2.532,escalate,4.0,10,-0.0003176422032993287,-0.000619,-0.2781144976615906,24.0,35.0,0,0.0
2.542,escalate,4.0,10,-0.00036600211751647294,-0.000623,-0.6746604442596436,23.5,34.0,0,0.0
2.5521,escalate,4.0,10,-0.000618860125541687,-0.000628,-0.5041707754135132,23.5,34.0,0,0.0
2.5612,escalate,4.0,10,-0.0003244373947381973,-0.000633,-0.38374608755111694,23.5,35.0,0,0.0
2.5718,escalate,4.0,10,-0.0007194767240434885,-0.000641,-0.5274806618690491,23.5,35.0,0,0.0
2.582,escalate,4.0,10,-0.0003734294150490314,-0.000643,-0.6594003438949585,23.5,34.0,0,0.0
2.592,escalate,4.0,10,-1.0854157153517008e-05,-0.000643,-0.2637486755847931,23.5,34.0,0,0.0
2.6013,escalate,4.0,10,-0.0003871823428198695,-0.000647,-0.45514556765556335,23.5,34.0,0,0.0
2.6121,escalate,4.0,10,-0.00021716849005315453,-0.000648,-0.3637964725494385,23.5,34.0,0,0.0
2.622,escalate,4.0,10,-0.000388692511478439,-0.000651,-0.24465888738632202,23.5,34.0,0,0.0
2.632,escalate,4.0,10,-0.0001315291301580146,-0.000652,-0.4382006525993347,23.5,34.0,0,0.0
2.642,escalate,4.0,10,-0.0005113261286169291,-0.000655,-0.5287796258926392,24.0,35.0,0,0.0
2.652,escalate,4.0,10,-2.2832033209851943e-05,-0.000656,-0.38706013560295105,23.5,35.0,0,0.0
2.662,escalate,4.0,10,-0.00012763176346197724,-0.000658,-0.6215802431106567,23.5,35.0,0,0.0
2.672,escalate,4.0,10,-0.00018923422612715513,-0.000661,-0.38727518916130066,24.0,34.0,0,0.0
2.6897,escalate,4.0,10,-0.0003620437055360526,-0.000667,-0.4395865201950073,23.5,35.0,0,0.0
2.691,escalate,4.0,10,-0.00044694857206195593,-0.000668,-0.5966713428497314,24.0,35.0,0,0.0
2.702,escalate,4.0,10,-0.0007895067683421075,-0.000676,-0.45689475536346436,23.5,35.0,0,0.0
2.712,escalate,4.0,10,-0.0008120135171338916,-0.000681,-0.1402197778224945,23.5,35.0,0,0.0
2.7211,escalate,4.0,10,-0.0008404989494010806,-0.000688,-0.31170159578323364,23.5,35.0,0,0.0
2.732,escalate,4.0,10,-0.0008339897613041103,-0.000695,-0.4589010179042816,23.5,35.0,0,0.0
2.742,escalate,4.0,10,-0.0008710857946425676,-0.000703,-0.666245698928833,23.5,35.0,0,0.0
2.7514,escalate,4.0,10,-0.0003224379033781588,-0.000706,-0.43451496958732605,23.5,34.0,0,0.0
2.762,escalate,4.0,10,-0.0007559000514447689,-0.000712,-0.4010828137397766,23.5,35.0,0,0.0
2.772,escalate,4.0,10,-0.0005083674332126975,-0.000716,-0.3498839735984802,23.5,34.0,0,0.0
2.782,escalate,4.0,10,-0.0005133463419042528,-0.00072,-0.3759748339653015,23.5,35.0,0,0.0
2.792,escalate,4.0,10,-0.0010771959787234664,-0.000727,-0.40415656566619873,23.5,34.0,0,0.0
2.802,escalate,4.0,10,-0.0006726475548930466,-0.000733,-0.4531509578227997,23.5,34.0,0,0.0
2.812,escalate,4.0,10,-0.0004638846730813384,-0.000738,-0.481856107711792,23.5,35.0,0,0.0
2.822,escalate,4.0,10,-0.0007264963933266699,-0.000745,-0.5668431520462036,23.5,35.0,0,0.0
2.832,escalate,4.0,10,-0.0005688886740244925,-0.000751,-0.3522055745124817,24.0,35.0,0,0.0
2.842,escalate,4.0,10,-0.00045137645793147385,-0.000757,-0.5601450204849243,23.5,34.0,0,0.0
2.852,escalate,4.0,10,-0.0003452099044807255,-0.000762,-0.38665980100631714,24.0,35.0,0,0.0
2.862,escalate,4.0,10,-0.0013237283565104008,-0.000774,-0.4856218993663788,23.5,34.0,0,0.0
2.872,escalate,4.0,10,-0.0008066470036283135,-0.000782,-0.47720620036125183,23.5,34.0,0,0.0
2.8891,escalate,4.0,10,-0.001027183490805328,-0.000794,-0.4772210717201233,23.5,35.0,0,0.0
2.8911,escalate,4.0,10,-0.0009636018075980246,-0.000796,-0.40571099519729614,23.5,34.0,0,0.0
2.902,escalate,4.0,10,-0.0008722083875909448,-0.000805,-0.3841491639614105,23.5,35.0,0,0.0
2.912,escalate,4.0,10,-0.0008571294602006674,-0.000813,-0.4745950698852539,24.0,35.0,0,0.0
2.9215,escalate,4.0,10,-0.00044635782251134515,-0.000818,-0.42437905073165894,24.0,35.0,0,0.0
2.9321,escalate,4.0,10,-0.00031996978214010596,-0.000822,-0.4152149558067322,23.5,35.0,0,0.0
2.942,escalate,4.0,10,-0.00126545294187963,-0.000833,-0.7018155455589294,24.0,35.0,0,0.0
2.952,escalate,4.0,10,-0.0012365180300548673,-0.000848,-0.4210165739059448,24.0,35.0,0,0.0
2.962,escalate,4.0,10,-0.0016842018812894821,-0.000861,-0.37060531973838806,23.5,35.0,0,0.0
2.9711,escalate,4.0,10,-0.0009954128181561828,-0.000871,-0.46814900636672974,24.0,34.0,0,0.0
2.9812,escalate,4.0,10,-0.0010305704781785607,-0.000882,-0.5274715423583984,24.0,34.0,0,0.0
2.9921,escalate,4.0,10,-0.0011450625024735928,-0.000894,-0.4898368716239929,24.0,35.0,0,0.0
3.002,escalate,4.0,10,-0.0016738971462473273,-0.00091,-0.419466495513916,24.0,35.0,0,0.0
3.0117,escalate,4.0,10,-0.0023818255867809057,-0.000934,-0.4588499963283539,23.5,34.0,0,0.0
3.022,escalate,4.0,10,-0.001931081642396748,-0.000959,-0.5902724862098694,23.5,34.0,0,0.0
3.0322,escalate,4.0,10,-0.002611749339848757,-0.000986,-0.4805154800415039,23.5,35.0,0,0.0
3.0417,escalate,4.0,10,-0.002254682360216975,-0.001008,-0.4921989142894745,23.5,35.0,0,0.0
3.0517,escalate,4.0,10,-0.0022991858422756195,-0.001032,-0.5170456171035767,24.0,35.0,0,0.0
3.0617,escalate,4.0,10,-0.002163982717320323,-0.001054,-0.468238890171051,23.5,34.0,0,0.0
3.072,escalate,4.0,10,-0.0019427118822932243,-0.001075,-0.4649769067764282,23.5,35.0,0,0.0
3.0909,escalate,4.0,10,-0.0012256617192178965,-0.001103,-0.5118958950042725,23.5,35.0,0,0.0
3.0923,escalate,4.0,10,-0.0013981650117784739,-0.001106,-0.4191274642944336,23.5,34.0,0,0.0
3.102,escalate,4.0,10,-0.000836559571325779,-0.001114,-0.5452927350997925,23.5,34.0,0,0.0
3.112,escalate,4.0,10,-0.0012172134593129158,-0.001125,-0.45702311396598816,23.5,35.0,0,0.0
3.1215,escalate,4.0,10,-0.00239980174228549,-0.001146,-0.5586870312690735,23.5,34.0,0,0.0
3.1313,escalate,4.0,10,-0.0031568664126098156,-0.001177,-0.43729087710380554,23.5,35.0,0,0.0
3.1418,escalate,4.0,10,-0.0027102224994450808,-0.001205,-0.48465144634246826,23.5,35.0,0,0.0
3.152,escalate,4.0,10,-0.0031127093825489283,-0.001234,-0.49161040782928467,23.5,35.0,0,0.0
3.1622,escalate,4.0,10,-0.0029689776711165905,-0.001269,-0.44137269258499146,23.5,35.0,0,0.0
3.1719,escalate,4.0,10,-0.0032692577224224806,-0.001301,-0.4238203465938568,23.5,35.0,0,0.0
3.182,escalate,4.0,10,-0.00445011118426919,-0.001344,-0.5175238847732544,23.5,35.0,0,0.0
3.192,escalate,4.0,10,-0.004833927843719721,-0.001394,-0.5092247724533081,24.0,35.0,0,0.0
3.202,escalate,4.0,10,-0.004806993529200554,-0.001441,-0.5368511080741882,23.5,35.0,0,0.0
3.212,escalate,4.0,10,-0.005399696528911591,-0.001497,-0.4385933578014374,23.5,35.0,0,0.0
3.2215,escalate,4.0,10,-0.005481846630573273,-0.001552,-0.4193350672721863,24.0,35.0,0,0.0
3.2314,escalate,4.0,10,-0.006453895475715399,-0.001614,-0.6332280039787292,23.5,35.0,0,0.0
3.2417,escalate,4.0,10,-0.007864551618695259,-0.001691,-0.47047966718673706,23.5,35.0,0,0.0
3.252,escalate,4.0,10,-0.007375894580036402,-0.001782,-0.27644240856170654,23.5,35.0,0,0.0
3.262,escalate,4.0,10,-0.0010962565429508686,-0.001792,-0.7540451288223267,23.5,35.0,0,0.0
3.2712,escalate,4.0,10,-0.00036969862412661314,-0.001796,-0.28282564878463745,24.0,35.0,0,0.0
3.282,escalate,4.0,10,-0.0002855487400665879,-0.001799,-0.6588497757911682,23.5,35.0,0,0.0
3.3007,escalate,4.0,10,-0.00043913672561757267,-0.001808,-0.32602977752685547,23.5,35.0,0,0.0
3.3019,escalate,4.0,10,-0.00033311269362457097,-0.001808,-0.7098760008811951,23.5,35.0,0,0.0
3.312,escalate,4.0,10,-2.328346909052925e-06,-0.001808,-0.3603716790676117,24.0,35.0,0,0.0
3.3211,escalate,4.0,10,1.4220044249668717e-05,-0.001808,-0.7254246473312378,23.5,35.0,0,0.0
3.3318,escalate,4.0,10,-7.866317901061848e-05,-0.001812,-0.7189969420433044,23.5,35.0,0,0.0
3.3417,escalate,4.0,10,9.363689059682656e-06,-0.001812,-0.7363482713699341,23.5,35.0,0,0.0
3.3519,escalate,4.0,10,-0.0001686489413259551,-0.001813,-0.2931812107563019,23.5,34.0,0,0.0
3.3622,escalate,4.0,10,3.4462366329535143e-06,-0.001813,-0.7193567752838135,23.5,35.0,0,0.0
3.3717,escalate,4.0,10,1.3077356925350614e-05,-0.001813,-0.618642270565033,23.5,35.0,0,0.0
3.3815,escalate,4.0,10,-0.0001806470681913197,-0.001815,-0.28419846296310425,23.5,35.0,0,0.0
3.3921,escalate,4.0,10,5.486724603542825e-06,-0.001815,-0.6381409168243408,23.5,35.0,0,0.0
3.402,escalate,4.0,10,1.313857046625344e-05,-0.001815,-0.5779814720153809,23.5,35.0,0,0.0
3.4121,escalate,4.0,10,-0.0002419231168460101,-0.001817,-0.2740793824195862,24.0,35.0,0,0.0
3.4212,escalate,4.0,10,-2.240680987597443e-05,-0.001818,-0.47708413004875183,23.5,35.0,0,0.0
3.4321,escalate,4.0,10,-5.9727495681727305e-05,-0.001819,-0.650781512260437,23.5,35.0,0,0.0
3.4414,escalate,4.0,10,-0.0004409528919495642,-0.001821,-0.4439469277858734,24.0,35.0,0,0.0
3.452,escalate,4.0,10,-6.8379017648112494e-06,-0.001821,-0.41516873240470886,23.5,35.0,0,0.0
3.462,escalate,4.0,10,-3.311954060336575e-05,-0.001823,-0.7728675603866577,23.5,35.0,0,0.0
3.4712,escalate,4.0,10,-0.00020558200776576996,-0.001825,-0.3987351655960083,23.5,35.0,0,0.0
3.4822,escalate,4.0,10,-9.094712731894106e-05,-0.001826,-0.6562321186065674,23.5,35.0,0,0.0
3.5024,escalate,4.0,10,-3.871061198879033e-05,-0.00183,-0.3870958089828491,23.5,35.0,0,0.0
3.5039,escalate,4.0,10,-2.0978730390197597e-05,-0.00183,-0.3748701214790344,23.5,35.0,0,0.0
3.5118,escalate,4.0,10,-0.00038120750105008483,-0.001832,-0.44967591762542725,23.5,35.0,0,0.0
3.5211,escalate,4.0,10,-1.4898273548169527e-05,-0.001832,-0.7088642120361328,23.5,35.0,0,0.0
3.532,escalate,4.0,10,-2.816152300511021e-05,-0.001834,-0.5808911323547363,23.5,35.0,0,0.0
3.542,escalate,4.0,10,-0.00022002910554874688,-0.001835,-0.6706054210662842,23.5,35.0,0,0.0
3.5521,escalate,4.0,10,-5.7365673455933575e-06,-0.001835,-0.32098302245140076,23.5,35.0,0,0.0
3.5619,escalate,4.0,10,1.3076772120257374e-05,-0.001835,-0.6706017255783081,24.0,35.0,0,0.0
3.5715,escalate,4.0,10,-0.00017252650286536664,-0.001836,-0.6850309371948242,23.5,35.0,0,0.0
3.5814,escalate,4.0,10,-1.579622403369285e-05,-0.001836,-0.29778698086738586,23.5,35.0,0,0.0
3.5915,escalate,4.0,10,-4.7056571929715574e-05,-0.001837,-0.6852561235427856,23.5,35.0,0,0.0
3.602,escalate,4.0,10,-0.00037845317274332047,-0.00184,-0.6855224370956421,24.0,35.0,0,0.0
3.6117,escalate,4.0,10,-6.838525678176666e-06,-0.00184,-0.3350082337856293,24.0,35.0,0,0.0
3.6216,escalate,4.0,10,1.4260165698942728e-05,-0.00184,-0.4395708441734314,23.5,35.0,0,0.0
3.6316,escalate,4.0,10,-0.00019589027215261012,-0.001841,-0.6332396864891052,23.5,35.0,0,0.0
3.642,escalate,4.0,10,2.2151228051825456e-07,-0.001841,-0.45033663511276245,23.5,35.0,0,0.0
3.652,escalate,4.0,10,-0.00032733887201175094,-0.001842,-0.7018193006515503,23.5,35.0,0,0.0
3.6622,escalate,4.0,10,-1.9877375962096266e-05,-0.001843,-0.7906710505485535,24.0,35.0,0,0.0
3.672,escalate,4.0,10,1.3117391063133255e-05,-0.001843,-0.7545296549797058,23.5,35.0,0,0.0
3.6823,escalate,4.0,10,-0.00017248587391804904,-0.001844,-0.30151695013046265,23.5,35.0,0,0.0
3.7019,escalate,4.0,10,1.2811306987714488e-05,-0.001844,-0.5806401371955872,23.5,35.0,0,0.0
3.7033,escalate,4.0,10,1.3790741832053754e-05,-0.001844,-0.5972728729248047,23.5,35.0,0,0.0
3.7116,escalate,4.0,10,1.1852276657009497e-05,-0.001844,-0.6690988540649414,24.0,35.0,0,0.0
3.7214,escalate,4.0,10,-0.00019986930419690907,-0.001846,-0.45832234621047974,23.5,35.0,0,0.0
3.7311,escalate,4.0,10,-0.00014632672537118196,-0.001847,-0.6502829790115356,23.5,35.0,0,0.0
3.7421,escalate,4.0,10,-3.2140778785105795e-05,-0.001848,-0.6329467296600342,23.5,35.0,0,0.0
3.752,escalate,4.0,10,-0.0001712616067379713,-0.001849,-0.7384020686149597,23.5,35.0,0,0.0
3.7618,escalate,4.0,10,-1.6490266716573387e-05,-0.001849,-0.7211868166923523,23.5,35.0,0,0.0
3.772,escalate,4.0,10,1.315808913204819e-05,-0.001849,-0.36892080307006836,24.0,35.0,0,0.0
3.782,escalate,4.0,10,-3.0753377359360456e-05,-0.001851,-0.7731311321258545,23.5,35.0,0,0.0
3.792,escalate,4.0,10,0.00010453128925291821,-0.001851,-0.667280912399292,23.5,35.0,0,0.0
3.802,escalate,4.0,10,-0.0002056645171251148,-0.001852,-0.7037883996963501,23.5,35.0,0,0.0
3.812,escalate,4.0,10,-2.9415205062832683e-06,-0.001852,-0.5634572505950928,23.5,35.0,0,0.0
3.8218,escalate,4.0,10,-0.00020058368681930006,-0.001854,-0.7001805305480957,23.5,35.0,0,0.0
3.832,escalate,4.0,10,4.5879019126005005e-06,-0.001854,-0.7570635080337524,23.5,35.0,0,0.0
3.842,escalate,4.0,10,1.4994406228652224e-05,-0.001854,-0.564006507396698,23.5,35.0,0,0.0
3.852,escalate,4.0,10,8.811723091639578e-06,-0.001854,-0.36719343066215515,24.0,35.0,0,0.0
3.862,escalate,4.0,10,2.7310652512824163e-06,-0.001854,-0.33311736583709717,24.0,35.0,0,0.0
3.8716,escalate,4.0,10,-3.2067687243397813e-06,-0.001854,-0.4050273895263672,23.5,35.0,0,0.0
3.8821,escalate,4.0,10,-9.715929991216399e-06,-0.001854,-0.8100547790527344,24.0,35.0,0,0.0
3.892,escalate,4.0,10,-0.00011600528523558751,-0.001857,-0.6901711821556091,24.0,35.0,0,0.0
3.9091,escalate,4.0,10,1.309672006755136e-05,-0.001857,-0.6900962591171265,24.0,35.0,0,0.0
3.9111,escalate,4.0,10,1.309672006755136e-05,-0.001857,-0.7520604133605957,23.5,35.0,0,0.0
3.9222,escalate,4.0,10,1.309672006755136e-05,-0.001857,-0.4193856716156006,23.5,35.0,0,0.0
3.932,escalate,4.0,10,1.309672006755136e-05,-0.001857,-0.6706385016441345,23.5,35.0,0,0.0
3.9416,escalate,4.0,10,-0.00021905019821133465,-0.001858,-0.3521668314933777,23.5,35.0,0,0.0
3.9513,escalate,4.0,10,-6.87975170876598e-06,-0.001858,-0.6512052416801453,23.5,35.0,0,0.0
3.9621,escalate,4.0,10,-3.958888191846199e-05,-0.00186,-0.6714736819267273,23.5,35.0,0,0.0
3.972,escalate,4.0,10,1.1178581189597026e-05,-0.00186,-0.7246708869934082,23.5,35.0,0,0.0
3.9818,escalate,4.0,10,1.3055831004749052e-05,-0.00186,-0.2989933490753174,23.5,35.0,0,0.0
3.992,escalate,4.0,10,-0.00011212846584385261,-0.001862,-0.7333986759185791,23.5,35.0,0,0.0
4.002,escalate,4.0,10,-9.741648682393134e-05,-0.001863,-0.7785067558288574,24.0,35.0,0,0.0
4.012,escalate,4.0,10,7.566889962618006e-06,-0.001863,-0.4171696901321411,23.5,35.0,0,0.0
4.0211,escalate,4.0,10,1.3157831745047588e-05,-0.001863,-0.8759424090385437,23.5,35.0,0,0.0
4.0321,escalate,4.0,10,-4.846507727052085e-05,-0.001864,-0.6609501242637634,24.0,35.0,0,0.0
4.042,escalate,4.0,10,-2.6652169253793545e-05,-0.001865,-0.6296097040176392,24.0,35.0,0,0.0
4.0521,escalate,4.0,10,-0.0001878103066701442,-0.001867,-0.2987191677093506,24.0,35.0,0,0.0
4.062,escalate,4.0,10,-1.513288793830725e-06,-0.001866,-0.3203267753124237,23.5,35.0,0,0.0
4.0711,escalate,4.0,10,-0.00011465865827631205,-0.001868,-0.704123854637146,23.5,35.0,0,0.0
4.0821,escalate,4.0,10,7.913769877632149e-06,-0.001868,-0.7259969711303711,24.0,35.0,0,0.0
4.092,escalate,4.0,10,1.5524796253885143e-05,-0.001868,-0.7575545310974121,23.5,35.0,0,0.0
4.1102,escalate,4.0,10,6.628247774642659e-06,-0.001869,-0.704018235206604,24.0,35.0,0,0.0
4.1114,escalate,4.0,10,9.076838068722282e-06,-0.001869,-0.6726953387260437,23.5,35.0,0,0.0
4.1211,escalate,4.0,10,-0.00015353012713603675,-0.00187,-0.7262836694717407,24.0,35.0,0,0.0
4.132,escalate,4.0,10,5.444701855594758e-06,-0.00187,-0.8419195413589478,23.5,35.0,0,0.0
4.142,escalate,4.0,10,1.3076137292955536e-05,-0.00187,-0.779744565486908,24.0,35.0,0,0.0
4.152,escalate,4.0,10,-0.000309995113639161,-0.001873,-0.7570486068725586,23.5,35.0,0,0.0
4.1617,escalate,4.0,10,-5.186211637919769e-06,-0.001873,-0.3976031243801117,23.5,35.0,0,0.0
4.172,escalate,4.0,10,-0.0002045424043899402,-0.001874,-0.7338027954101562,23.5,35.0,0,0.0
4.182,escalate,4.0,10,-1.0389449016656727e-05,-0.001874,-0.6194227933883667,24.0,35.0,0,0.0
4.192,escalate,4.0,10,1.3076218237983994e-05,-0.001874,-0.5123235583305359,23.5,35.0,0,0.0
4.2019,escalate,4.0,10,1.3076218237983994e-05,-0.001874,-0.7800714373588562,23.5,35.0,0,0.0
4.212,escalate,4.0,10,1.3076218237983994e-05,-0.001874,-0.6801773905754089,24.0,35.0,0,0.0
4.2211,escalate,4.0,10,1.3076218237983994e-05,-0.001874,-0.6425949335098267,23.5,35.0,0,0.0
4.2313,escalate,4.0,10,1.3076218237983994e-05,-0.001874,-0.6266278028488159,24.0,35.0,0,0.0
4.2423,escalate,4.0,10,1.3076218237983994e-05,-0.001874,-0.7800714373588562,23.5,35.0,0,0.0
4.2517,escalate,4.0,10,-0.00022143765818327665,-0.001875,-0.5959845781326294,23.5,35.0,0,0.0
4.2624,escalate,4.0,10,-3.2681527954991907e-06,-0.001875,-0.7500015497207642,24.0,35.0,0,0.0
4.2715,escalate,4.0,10,1.3096594557282515e-05,-0.001875,-0.7265641093254089,24.0,35.0,0,0.0
4.282,escalate,4.0,10,-5.379085268941708e-05,-0.001876,-0.7327640056610107,24.0,35.0,0,0.0
4.292,escalate,4.0,10,-0.00014710256073158234,-0.001878,-0.6913170218467712,23.5,35.0,0,0.0
4.3108,escalate,4.0,10,1.4830962754786015e-05,-0.001877,-0.6193655729293823,23.5,35.0,0,0.0
4.312,escalate,4.0,10,1.552472895127721e-05,-0.001877,-0.8874146938323975,23.5,35.0,0,0.0
4.322,escalate,4.0,10,-2.028585186053533e-05,-0.001879,-0.721371591091156,24.0,35.0,0,0.0
4.332,escalate,4.0,10,1.3055801900918595e-05,-0.001879,-0.6245155930519104,24.0,35.0,0,0.0
4.3417,escalate,4.0,10,1.552479443489574e-05,-0.001879,-0.6971472501754761,23.5,35.0,0,0.0
4.3521,escalate,4.0,10,1.552479443489574e-05,-0.001879,-0.780190646648407,23.5,35.0,0,0.0
4.3619,escalate,4.0,10,-2.6325747967348434e-05,-0.00188,-0.6484001874923706,23.5,35.0,0,0.0
4.3721,escalate,4.0,10,-0.00019889026589225978,-0.001881,-0.6148642897605896,23.5,35.0,0,0.0
4.3824,escalate,4.0,10,-7.206360805867007e-06,-0.001881,-0.7222614288330078,24.0,35.0,0,0.0
4.392,escalate,4.0,10,-0.00014169530186336488,-0.001882,-0.7300028204917908,23.5,35.0,0,0.0
4.4019,escalate,4.0,10,2.812434559018584e-06,-0.001882,-0.6976901888847351,23.5,35.0,0,0.0
4.4113,escalate,4.0,10,1.30557018565014e-05,-0.001882,-0.672706127166748,23.5,35.0,0,0.0
4.4212,escalate,4.0,10,1.30557018565014e-05,-0.001882,-0.801320493221283,23.5,35.0,0,0.0
4.4321,escalate,4.0,10,1.30557018565014e-05,-0.001882,-0.7726341485977173,23.5,35.0,0,0.0
4.4419,escalate,4.0,10,-5.6463944929419085e-05,-0.001884,-0.6694075465202332,23.5,35.0,0,0.0
4.452,escalate,4.0,10,1.0015314728661906e-05,-0.001884,-0.618910014629364,24.0,35.0,0,0.0
4.462,escalate,4.0,10,-0.0002183362958021462,-0.001885,-0.8053219318389893,23.5,35.0,0,0.0
4.4721,escalate,4.0,10,-6.247480541787809e-06,-0.001885,-0.4804978370666504,23.5,35.0,0,0.0
4.482,escalate,4.0,10,-9.513139229966328e-05,-0.001886,-0.6701273918151855,23.5,35.0,0,0.0
4.4921,escalate,4.0,10,7.68905010772869e-06,-0.001886,-0.7517427206039429,23.5,35.0,0,0.0
4.5103,escalate,4.0,10,-0.00015271417214535177,-0.001888,-0.7242984175682068,23.5,35.0,0,0.0
4.512,escalate,4.0,10,-0.0002235192951047793,-0.001888,-0.8330442905426025,23.5,35.0,0,0.0
4.5212,escalate,4.0,10,-1.0063335139420815e-05,-0.001888,-0.6993769407272339,23.5,35.0,0,0.0
4.5322,escalate,4.0,10,1.4626622032665182e-05,-0.001888,-0.7781429290771484,24.0,35.0,0,0.0
4.5413,escalate,4.0,10,1.548362706671469e-05,-0.001888,-0.8055965900421143,23.5,35.0,0,0.0
4.5522,escalate,4.0,10,-0.00031764741288498044,-0.001891,-0.698153018951416,23.5,35.0,0,0.0
4.5619,escalate,4.0,10,-0.00039375777123495936,-0.001893,-0.7519213557243347,23.5,35.0,0,0.0
4.5712,escalate,4.0,10,-0.00028142862720414996,-0.001895,-0.9651393890380859,23.5,35.0,0,0.0
4.5818,escalate,4.0,10,-1.0777494935609866e-05,-0.001896,-0.6981090307235718,23.5,35.0,0,0.0
4.5917,escalate,4.0,10,1.3667604434886016e-05,-0.001896,-0.7240587472915649,24.0,35.0,0,0.0
4.6015,escalate,4.0,10,1.5524448826909065e-05,-0.001896,-0.7258621454238892,23.5,35.0,0,0.0
4.6121,escalate,4.0,10,1.5524448826909065e-05,-0.001896,-0.7759584188461304,23.5,35.0,0,0.0
4.6214,escalate,4.0,10,1.5524448826909065e-05,-0.001896,-0.7518113851547241,23.5,35.0,0,0.0
4.6321,escalate,4.0,10,1.5524448826909065e-05,-0.001896,-0.6721612811088562,23.5,35.0,0,0.0
4.642,escalate,4.0,10,-0.00018044447642751038,-0.001897,-0.8334330916404724,23.5,35.0,0,0.0
4.6517,escalate,4.0,10,-7.790647487126989e-07,-0.001897,-0.6443319320678711,23.5,35.0,0,0.0
4.6621,escalate,4.0,10,-9.949814557330683e-05,-0.001898,-0.8307013511657715,23.5,35.0,0,0.0
4.672,escalate,4.0,10,-0.00016860970936249942,-0.0019,-0.7766095995903015,23.5,35.0,0,0.0
4.6816,escalate,4.0,10,-0.00010612972982926294,-0.001901,-0.7762097716331482,23.5,35.0,0,0.0
4.6921,escalate,4.0,10,8.015451385290362e-06,-0.001901,-0.8049877882003784,23.5,35.0,0,0.0
4.7117,escalate,4.0,10,-0.0006475134869106114,-0.001906,-0.8576326370239258,23.5,35.0,0,0.0
4.7131,escalate,4.0,10,-0.00047996867215260863,-0.001906,-0.7325925230979919,23.5,35.0,0,0.0
4.7219,escalate,4.0,10,-1.6001369658624753e-05,-0.001906,-0.6968743801116943,23.5,35.0,0,0.0
4.7321,escalate,4.0,10,-8.060338586801663e-05,-0.001907,-0.7265815734863281,23.5,35.0,0,0.0
4.742,escalate,4.0,10,-0.00027775592752732337,-0.001909,-0.8261773586273193,23.5,35.0,0,0.0
4.752,escalate,4.0,10,-0.000229212615522556,-0.001911,-0.7035987377166748,24.0,35.0,0,0.0
4.762,escalate,4.0,10,-5.2444724133238196e-05,-0.001912,-0.8416740894317627,23.5,35.0,0,0.0
4.7714,escalate,4.0,10,-0.0005227171932347119,-0.001917,-0.7576409578323364,23.5,35.0,0,0.0
4.7821,escalate,4.0,10,-8.533355867257342e-06,-0.001917,-0.7576308250427246,23.5,35.0,0,0.0
4.7915,escalate,4.0,10,-4.609882671502419e-05,-0.001918,-0.7043232917785645,23.5,35.0,0,0.0
4.8016,escalate,4.0,10,-0.0005892986082471907,-0.001922,-0.810820460319519,23.5,35.0,0,0.0
4.8112,escalate,4.0,10,-3.053002365049906e-05,-0.001923,-0.7576014399528503,23.5,35.0,0,0.0
4.8221,escalate,4.0,10,-0.0002843265247065574,-0.001925,-0.7320918440818787,23.5,35.0,0,0.0
4.8319,escalate,4.0,10,-0.00027961310115642846,-0.001928,-0.6850414276123047,23.5,35.0,0,0.0
4.8419,escalate,4.0,10,-0.0005968894110992551,-0.001935,-0.7910983562469482,23.5,35.0,0,0.0
4.8521,escalate,4.0,10,-0.0005278391181491315,-0.001941,-0.7540547847747803,23.5,35.0,0,0.0
4.862,escalate,4.0,10,-0.0002936108794528991,-0.001944,-0.7590426802635193,23.5,35.0,0,0.0
4.872,escalate,4.0,10,-0.00015959129086695611,-0.001946,-0.7896057367324829,23.5,35.0,0,0.0
4.8821,escalate,4.0,10,-0.0003778424288611859,-0.00195,-0.6565864086151123,23.5,35.0,0,0.0
4.8919,escalate,4.0,10,-0.00014643008762504905,-0.001951,-0.5567281246185303,23.5,35.0,0,0.0
4.9021,escalate,4.0,10,-0.000505556701682508,-0.001956,-0.9165650606155396,24.0,35.0,0,0.0
4.9207,escalate,4.0,10,-7.837951125111431e-05,-0.001957,-0.7098249197006226,23.5,35.0,0,0.0
4.9221,escalate,4.0,10,-4.8261827032547444e-05,-0.001957,-0.7613069415092468,24.0,35.0,0,0.0
4.932,escalate,4.0,10,-5.854589835507795e-05,-0.001958,-0.9329268336296082,23.5,35.0,0,0.0
4.942,escalate,4.0,10,-0.0001433080033166334,-0.001959,-0.5717827677726746,23.5,35.0,0,0.0
4.952,escalate,4.0,10,4.199240720481612e-06,-0.001959,-1.0490365028381348,24.0,35.0,0,0.0
4.962,escalate,4.0,10,-0.0002878361556213349,-0.001963,-0.8235320448875427,23.5,35.0,0,0.0
4.972,escalate,4.0,10,-3.0672857974423096e-05,-0.001964,-0.7506372332572937,24.0,35.0,0,0.0
4.982,escalate,4.0,10,-0.0001394923747284338,-0.001967,-0.6496067643165588,23.5,35.0,0,0.0
4.992,escalate,4.0,10,-3.928395744878799e-05,-0.001969,-1.0066320896148682,23.5,35.0,102,0.0
